Intergenic,4418
STM4261,159
Gene_gene2690,151
metH,65
mukB,55
STM4489,53
rpoC,52
gltB,52
gcvP,50
shdA,49
STM2532,49
iroC,48
sbcC,48
carB,48
nifJ,45
yegO,45
acnA,44
STM1849,44
ftsK,42
entF,42
fhuB,42
narZ,42
torS,41
STM0019,41
ytfN,41
yegN,41
recC,41
bigA,41
yhdP,40
misL,40
ratA,40
hrpA,39
narG,39
putA,39
sinH,39
ptr,39
yjeP,39
mgtB,38
STM4211,38
lpfC,37
STM0285,37
STM1669,37
acrD,37
STM4305,37
pflF,37
gyrB,36
parC,36
srfB,36
rne,36
STM3773,36
ssrA,36
ggt,35
apeE,35
gcd,35
sipA,34
recB,34
recG,34
ypfI,34
yfeA,34
ttrA,34
prlC,34
nuoM,33
ydiJ,33
tktA,33
fdoG,33
iroN,33
rpoB,33
zntA,33
mgtA,33
stiC,33
yhjL,32
STM3858,32
bcfC,32
sopB,32
mfd,32
ygiR,31
yhiH,31
malQ,31
stjB,31
clpB,31
STM1441,31
infB,31
hepA,31
aceE,31
dnaE,31
nrdE,31
res,31
lldP,30
STM1498,30
STM1559,30
prpE,30
STM2379,30
fimD,30
nuoG,29
glmS,29
yjiY,29
hrpB,29
stfC,29
rcsC,29
stdB,29
aefA,29
selB,29
malZ,29
stbC,29
ilvD,28
pgtB,28
narY,28
barA,28
hycC,28
glnE,28
ileS,28
nirB,28
yicF,28
trpE,28
citF2,28
glgP,27
ydbH,27
STM0611,27
STM4448,27
STM1546,27
polA,27
napA,27
cysN,27
dmsA,27
valS,27
aldB,27
polB,27
metL,27
STM2405,27
cpsG,27
recQ,27
slrP,27
yfbG,26
sseB,26
STM2691,26
ppc,26
speC,26
pduP,26
smvA,26
aegA,26
acrB,26
STM0272,26
STM1785,26
glpD,26
purG,26
phrB,26
yhjW,26
kefC,26
STM1228,26
pqaA,26
yraM,26
recD,26
STM0289,25
STM0353,25
thrA,25
fadB,25
topA,25
STM1499,25
STM2135,25
kdpB,25
acrF,25
STM0350,25
STM4065,25
STM2530,25
uvrD,25
STM0571,25
STM0291,25
STM1560,25
yegE,25
STM0351,25
STM1472,25
STM4519,25
STM0038,24
ybiO,24
STM3528,24
mdoB,24
dsdA,24
ydiU,24
malT,24
katG,24
araB,24
tdcG,24
STM1827,24
bglX,24
relA,24
yfiQ,24
secA,24
mdoC,24
fdhF,24
tktB,24
wzc,24
cydC,24
ilvC,24
cstA,24
STM0343,24
uhpC,24
nrfE,24
nadB,23
yfbS,23
phsA,23
cysJ,23
menE,23
citF,23
fliB,23
prpD,23
sbcD,23
ybeV,23
ybjT,23
adhE,23
helD,23
lyxK,23
yhcP,23
yhaN,23
STM3388,23
ydcG,23
arcB,23
pqaB,23
STM0257,23
malS,23
uvrA,23
glnS,23
treA,23
tdcD,23
gyrA,23
flhA,23
bisC,23
torA,23
STM4012,23
asnB,23
ldcC,23
yihQ,23
glnD,23
sucA,23
spoT,23
murD,23
creC,23
STM2503,23
kdpD,23
tdcE,23
hypF,23
nrdA,23
yncD,23
asmA,22
kup,22
hcp,22
STM4491,22
copA,22
yhjG,22
STM0660,22
STM0084,22
radA,22
yieN,22
scsB,22
ttrS,22
aidB,22
mglA,22
ybdH,22
aas,22
hisD,22
yejF,22
STM3521,22
STM4464,22
ydgA,22
STM1558,22
STM4534,22
htpG,22
yafH,22
STM0050,22
ptrB,22
fepA,22
wcaI,22
fhuE,22
maeB,22
acnB,22
pgi,22
mtlA,22
dcp,21
topB,21
prpR,21
yjhP,21
STM0018,21
hemL,21
fruA,21
Gene_gene789,21
STM4104,21
yhjN,21
rnb,21
yhfK,21
ycaI,21
STM1239,21
poxB,21
eutG,21
eutE,21
STM3129,21
yadE,21
STM1657,21
sopA,21
astC,21
STM1527,21
ssaC,21
tctE,21
alaS,21
STM1548,21
mppA,21
STM4210,21
yccS,21
yfbK,21
treC,21
STM2361,21
mrcB,21
STM0870,20
leuS,20
STM3175,20
yehU,20
yjcE,20
STM2196,20
STM3599,20
yehY,20
ybjZ,20
cypD,20
amyA,20
yqiK,20
ycjX,20
mdoH,20
STM2692,20
nuoL,20
dinF,20
astD,20
ycbY,20
hycE,20
fadH,20
ydfI,20
aer,20
cheM,20
nemA,20
thiI,20
yadQ,20
ydgI,20
STM1623,20
fliI,20
copS,20
yfbB,20
yfgL,20
ybbP,20
guaA,20
STM3679,20
mdlA,20
mutS,20
ycaO,20
yhgF,20
pmbA,19
gcl,19
speA,19
yfhD,19
hofC,19
nagE,19
yneI,19
STM2574,19
STM1787,19
STM4103,19
fdnG,19
yhiN,19
glnA,19
yicI,19
yaaJ,19
thiC,19
cysP,19
rep,19
narQ,19
STM2280,19
glyS,19
cydD,19
sufS,19
rtcB,19
ybaL,19
fhuA,19
STM2816,19
yajO,19
gppA,19
pipD,19
xylB,19
STM1672,19
tldD,19
lonH,19
fumA,19
cyaA,19
pyrC,19
mod,19
yhjK,19
pduD,19
srfA,19
tcp,19
metG,19
kdpA,19
aceF,19
ybeK,19
yhjU,19
sucD,19
proP,19
yajR,19
imp,19
uraA,19
fdrA,19
lig,19
malF,19
STM3670,19
yicH,19
sthB,19
carA,19
sufD,19
fepC,19
ybhO,19
ilvG,19
hcr,19
STM3291,19
metE,19
gabP,19
dnaX,19
mpl,18
iadA,18
foxA,18
STM3531,18
ydcP,18
STM1940,18
trg,18
gmd,18
wcaJ,18
lplA,18
pspF,18
rfaB,18
fimH,18
pykA,18
melB,18
iroD,18
rnd,18
ybdN,18
fixC,18
idnD,18
glnG,18
malG,18
livJ,18
ssaD,18
lnt,18
hypD,18
fbaB,18
deoB,18
orf408,18
yiaK,18
lysA,18
STM3191,18
hilA,18
STM1533,18
lpfD,18
yheS,18
aroA,18
pduG,18
metC,18
STM1987,18
cadC,18
rfaF,18
STM1795,18
ilvB,18
yhgE,18
fumC,18
cysG,18
yfcX,18
lon,18
ydhH,18
STM0352,18
STM4262,18
rfaE,18
ybiP,17
fabB,17
ygcY,17
hutH,17
STM1786,17
dbpA,17
yibP,17
citT,17
dgt,17
prfC,17
ybdL,17
nrdD,17
eutA,17
STM1843,17
trmE,17
malP,17
yiaE,17
hpaE,17
STM1003,17
dsbD,17
yejK,17
wcaM,17
eutC,17
STM2175,17
ubiF,17
yjjK,17
STM3781,17
pepT,17
STM2551,17
mesJ,17
phoN,17
arcC,17
proX,17
STM2840,17
feoB,17
STM4213,17
STM3216,17
yhaO,17
STM1330,17
hydG,17
yedE,17
plsB,17
uvrC,17
STM0479,17
ycgB,17
nadA,17
STM4446,17
narH,17
STM1910,17
eutH,17
kgtP,17
pepN,17
tsr,17
cpdB,17
glyA,17
yhjO,17
ynhG,17
tbpA,17
yeeO,17
rsmC,17
glgB,17
pdgL,17
yfhK,17
fhlA,17
STM0567,17
dinP,17
pps,17
ybaE,17
STM3799,17
deoA,17
STM0266,17
ydhE,17
yebU,17
yeaJ,17
rfbI,17
yoaA,17
yciW,17
pbpC,17
STM4574,17
araJ,17
nuoN,17
STM3136,17
yjcD,17
trkA,17
STM2208,17
aroH,17
pcnB,17
sipD,17
lpxH,16
pepB,16
rfbH,16
ybiB,16
STM2912,16
trpD,16
STM3859,16
ilvI,16
ampG,16
mrdA,16
narK,16
ybjD,16
cysI,16
fic,16
STM1836,16
ychP,16
secD,16
sipB,16
virK,16
mdlB,16
STM0281,16
sppA,16
yabN,16
pflB,16
sopD,16
apbE,16
rfaI,16
rstB,16
pta,16
STM0437,16
sdaA,16
entD,16
yjdE,16
corA,16
wecC,16
pabB,16
prc,16
yejM,16
yhiI,16
sdhA,16
sseG,16
sdaB,16
hemY,16
sapD,16
ydhC,16
fes,16
yhdA,16
glgX,16
engA,16
hutI,16
STM0030,16
yjjI,16
fliF,16
yegS,16
xseA,16
ynfM,16
idnR,16
gcpE,16
trpC,16
gidA,16
STM0932,16
yfdZ,16
STM2293,16
STM0037,16
fucK,16
yjcG,16
tyrP,16
iroE,16
dacD,16
yggW,16
yfcY,16
mutL,16
hflB,16
yjeF,16
Gene_gene4458,16
gltS,16
glmU,16
frdA,16
potH,16
yojI,16
STM3025,16
rtcR,16
ydcF,16
yohG,16
uhpB,16
wcaL,16
STM2478,16
gsp,16
adi,15
STM1060,15
yjiN,15
pepQ,15
ycaJ,15
STM1545,15
yoaE,15
pheT,15
STM0344,15
STM2300,15
ppk,15
stdC,15
wecG,15
wcaC,15
entE,15
yhbW,15
pnp,15
STM4504,15
pipB,15
fimY,15
gltP,15
STM1634,15
STM2913,15
STM0162,15
ttrB,15
mdfA,15
yeaG,15
pduC,15
yjiO,15
yjgB,15
yhcG,15
amtB,15
yaaU,15
STM0233,15
aadA,15
katE,15
araA,15
birA,15
ybbY,15
leuC,15
selA,15
ycgQ,15
STM1637,15
cysU,15
cysK,15
dcuS,15
amn,15
alr,15
ygjO,15
STM4413,15
tyrB,15
STM1002,15
STM1678,15
rpoD,15
moeA,15
talA,15
glpK,15
tolB,15
yceG,15
STM3333,15
pduO,15
entA,15
STM3633,15
moeB,15
melA,15
STM3166,15
pgtP,15
srfC,15
cdaR,15
yhhS,15
STM3927,15
ydeA,15
STM4067,15
pepA,15
manC,15
sgbE,15
baeS,15
STM2406,15
ssaV,15
STM0041,15
sbcB,15
deaD,15
STM2571,15
purF,15
gshA,15
STM1457,15
ycjF,15
ycgO,15
narX,15
mntH,15
STM4258,15
menC,15
stbD,15
clpA,15
uvrB,15
argH,15
safC,15
ybhN,15
STM0053,15
garD,15
Gene_gene2975,15
yjjV,15
phoR,14
STM4465,14
recJ,14
hmpA,14
ybiU,14
STM2357,14
sseC,14
ahpF,14
yijP,14
ybhF,14
yhcM,14
yigQ,14
dadA,14
xylR,14
citA,14
phnW,14
gntU,14
rfbA,14
wecE,14
fadL,14
cbiP,14
sgaE,14
yafB,14
ydiM,14
ydcR,14
pduX,14
STM3767,14
fepD,14
yfcC,14
gltX,14
acrA,14
speF,14
pstC,14
STM0610,14
STM3860,14
sopE2,14
yihS,14
mtlD,14
creD,14
astE,14
argS,14
dinG,14
atpA,14
glpX,14
narV,14
allP,14
lysP,14
guaC,14
sthE,14
mltB,14
emrB,14
ftsI,14
pepD,14
yaiC,14
livM,14
pgm,14
gltJ,14
yjbG,14
ilvE,14
pqiB,14
srmB,14
tyrR,14
panC,14
epd,14
STM0149,14
STM0650,14
STM4506,14
hpaX,14
aceK,14
rfaK,14
yrfF,14
STM3036,14
rtn,14
ybdA,14
yhfC,14
yheT,14
yegH,14
dcuC,14
ygbK,14
gltD,14
fliY,14
STM4013,14
ydcK,14
hofQ,14
STM2573,14
araC,14
ybgK,14
dfp,14
gntR,14
wzzB,14
fepE,14
dnaB,14
hpaG,14
ubiH,14
STM2494,14
dcm,14
mviN,14
yecP,14
lepA,14
amiB,14
pntB,14
yaiW,14
hemA,14
STM2844,14
proY,14
wcaG,14
yhgH,14
STM3966,14
ycfU,14
ushA,14
araD,14
gabD,14
panB,14
zwf,14
parE,14
yicJ,14
STM2133,14
ycbB,14
nanK,13
eutL,13
STM2914,13
rbsC,13
livK,13
yhhJ,13
mltC,13
modF,13
sucC,13
xapB,13
STM3124,13
STM1368,13
putP,13
citC2,13
acs,13
pssA,13
pykF,13
nrfD,13
cyoB,13
brnQ,13
qor,13
sohB,13
lamB,13
kefB,13
STM1670,13
argD,13
STM4010,13
lpxB,13
aspS,13
rfaL,13
fhuD,13
ygbM,13
cueO,13
ycaM,13
purB,13
STM1287,13
yccW,13
orf245,13
cirA,13
ptsI,13
tolC,13
hscA,13
yjeM,13
STM1082,13
hofB,13
yafE,13
STM2788,13
gabT,13
tdh,13
nuoF,13
ytfL,13
adhP,13
artM,13
priA,13
STM1633,13
yrfD,13
sbmA,13
STM2911,13
ttrC,13
yggM,13
menD,13
yhjC,13
ybhC,13
otsA,13
mig-14,13
STM1698,13
dxs,13
yohF,13
rfbD,13
nrfA,13
STM2137,13
perM,13
mviM,13
yifZ,13
cca,13
STM3768,13
cafA,13
phnX,13
yigC,13
pntA,13
nupC,13
mopA,13
yaeT,13
STM0652,13
STM1481,13
STM4202,13
pgtA,13
add,13
STM3529,13
dsdX,13
astA,13
STM3083,13
thrC,13
prfB,13
yiaJ,13
fixB,13
hemH,13
STM2008,13
STM3020,13
eutT,13
cbiA,13
yfeH,13
yraR,13
galR,13
STM3820,13
bglA,13
rph,13
stfD,13
dsbG,13
sapB,13
invA,13
aceB,13
rhaB,13
ygiF,13
iap,13
pdxH,13
ygbD,13
yejA,13
aes,13
dppA,13
pgtE,13
STM0564,13
ftsX,13
STM3135,13
vacB,13
yihT,13
rfaQ,13
yojN,13
STM4208,13
citE2,13
nagD,13
flk,13
ydiD,13
yjbH,13
STM4014,13
STM0886,13
aceA,13
nrdF,13
yliB,13
mrcA,13
ygdH,13
slt,13
yeeY,13
STM3604,13
rhaA,13
proW,13
yjiJ,13
STM1255,13
STM1612,13
pyrF,13
yieG,13
yacH,13
rspB,13
yiiD,12
moaA,12
yidE,12
flgF,12
STM0036,12
STM3141,12
yedO,12
ytfM,12
sgaT,12
STM4011,12
yraL,12
yabJ,12
envZ,12
yjfM,12
deoD,12
yqcD,12
ftsN,12
pduW,12
STM2404,12
STM3038,12
yegB,12
yegT,12
setB,12
degQ,12
yddG,12
umuC,12
STM2739,12
yadB,12
htrB,12
orf48,12
STM4308,12
citB,12
rho,12
yeaN,12
STM4434,12
yjjW,12
yceE,12
eutB,12
hycI,12
yrfI,12
flgK,12
fliH,12
proB,12
ybdR,12
ssaN,12
sinI,12
kduD,12
ygiD,12
ampH,12
Gene_gene313,12
asnA,12
hpaB,12
yebA,12
hpaD,12
yadG,12
STM1109,12
ddlA,12
pudB,12
wzxE,12
yjdL,12
lepB,12
garK,12
ispB,12
yehX,12
ygaA,12
kdgR,12
torR,12
metR,12
murF,12
ybeR,12
STM1697,12
fkpA,12
STM1256,12
STM1265,12
ybhE,12
htrA,12
edd,12
yjiA,12
fepG,12
STM1617,12
yqjH,12
ugpE,12
ygjT,12
STM3737,12
STM3142,12
STM3698,12
sfbB,12
STM0777,12
treF,12
ygeA,12
yfjB,12
nusA,12
yniC,12
gcp,12
cbiO,12
fliK,12
fucI,12
STM3681,12
ychF,12
lldD,12
mlc,12
ygaF,12
yfgA,12
hisC,12
STM4318,12
celB,12
nth,12
argA,12
yidA,12
STM0014,12
STM0363,12
STM1556,12
STM0164,12
yliC,12
yjaD,12
STM1324,12
yidY,12
STM1252,12
xapA,12
STM2372,12
STM0867,12
gnd,12
folK,12
purT,12
glpC,12
ptsJ,12
yeiA,12
STM1158,12
trpS2,12
bcfD,12
ddg,12
cycA,12
pbpG,12
prfH,12
STM0884,12
STM1309,12
STM4571,12
STM3334,12
dld,12
STM2803,12
lytB,12
STM2570,12
hisG,12
dnaK,12
yqhD,12
STM1677,12
invJ,12
ybfM,12
STM1789,12
hydH,12
nrfC,12
metB,12
STM3632,12
STM0765,12
STM4502,11
clpX,11
STM1532,11
hycD,11
yjeH,11
STM0563,11
dlhH,11
STM2708,11
pstS,11
yceA,11
yhaK,11
citC,11
yedI,11
STM1273,11
sun,11
sptP,11
nagC,11
yfiF,11
cobT,11
STM0868,11
STM4257,11
ychM,11
ugpC,11
wcaE,11
hybC,11
lysR,11
yicE,11
ygfA,11
fumB,11
xapR,11
tgt,11
accD,11
pfs,11
ssaL,11
envF,11
htpX,11
STM1621,11
STM3074,11
STM4242,11
STM0573,11
yncB,11
nirC,11
STM4054,11
phoQ,11
rfaC,11
cysB,11
cls,11
STM0566,11
fhuC,11
yibD,11
STM1614,11
phoE,11
trmU,11
rtcA,11
pmrF,11
sufB,11
STM2528,11
yicM,11
orf32,11
thiL,11
dppF,11
yiaN,11
fadD,11
STM1557,11
invG,11
STM4044,11
yhhY,11
yhiP,11
thiJ,11
avtA,11
astB,11
prgH,11
ygdE,11
STM2547,11
sscA,11
gsk,11
asrB,11
pheP,11
bcfG,11
STM1554,11
STM0270,11
STM3548,11
STM4315,11
STM2360,11
allB,11
yohI,11
STM0057,11
nuoC,11
orf242,11
ydaA,11
STM0381,11
ppx,11
yggR,11
STM1792,11
lpxO,11
asnS,11
STM3137,11
STM1542,11
yihE,11
cheA,11
ptsP,11
STM1874,11
wzxC,11
lpdA,11
ydhJ,11
fba,11
bioF,11
ssrB,11
STM1665,11
ycaQ,11
fsr,11
pdxK,11
tonB,11
yfgB,11
sitA,11
bcfH,11
STM0032,11
ybhR,11
STM1760,11
dppC,11
STM3133,11
ybjX,11
yhjE,11
ssaQ,11
yjcC,11
alkA,11
STM1288,11
STM4445,11
miaB,11
fliD,11
ylaB,11
oppA,11
yrdA,11
Gene_gene297,11
STM4431,11
ybbN,11
sufI,11
STM3098,11
ybjF,11
STM0274,11
ydfJ,11
STM3132,11
aroE,11
galT,11
fepB,11
sprB,11
trpA,11
murE,11
STM1630,11
mltA,11
STM4204,11
dapE,10
cobD,10
dpiB,10
nagZ,10
udhA,10
cyaY,10
eutK,10
prkB,10
dppD,10
rpoN,10
serA,10
metF,10
yjgP,10
ydcW,10
tyrA,10
yeiH,10
abc,10
ydhO,10
STM4539,10
yebN,10
aroC,10
STM1788,10
trxB,10
visC,10
kbl,10
STM2534,10
STM3766,10
dacC,10
rna,10
yliJ,10
ybiT,10
rluD,10
yfbE,10
STM2545,10
ygjQ,10
ybgR,10
narU,10
bioB,10
STM0042,10
yjbC,10
yneH,10
pheA,10
STM0329,10
yggG,10
STM3775,10
yibF,10
hemK,10
hscC,10
ydiS,10
ycjG,10
STM1260,10
malK,10
fruR,10
STM2359,10
copR,10
proC,10
aspA,10
hisB,10
lasT,10
elaC,10
ygdB,10
ybdK,10
aroP,10
endA,10
yabK,10
yeiB,10
STM4098,10
cybB,10
STM0382,10
Gene_gene1470,10
bioH,10
dcuA,10
STM2922,10
yjjP,10
rrmA,10
rbsA,10
yigB,10
yrbL,10
iagB,10
STM1538,10
STM3736,10
yjiH,10
murB,10
yjgN,10
trkH,10
yrfB,10
yidR,10
yjeS,10
yfiE,10
ydeV,10
rhaT,10
STM4157,10
glpT,10
STM2910,10
hutG,10
ygbO,10
potI,10
iciA,10
tag,10
STM1258,10
STM3527,10
STM3547,10
rfaG,10
msbA,10
typA,10
ada,10
narI,10
tdcC,10
yejB,10
thiM,10
cysS,10
ydiP,10
ydcI,10
caiE,10
caiA,10
STM3696,10
rluC,10
STM1731,10
tpiA,10
ybhS,10
fdoH,10
abrB,10
kduI,10
rseB,10
serB,10
phsC,10
yjbF,10
mgtC,10
ybhM,10
yhcK,10
ybjE,10
nei,10
STM2527,10
surA,10
yajF,10
yeeA,10
yhjJ,10
cysC,10
STM3532,10
cbiF,10
STM1675,10
hemG,10
mutY,10
nadE,10
mrp,10
ppdB,10
rspA,10
STM4444,10
STM0148,10
xerD,10
hslU,10
galF,10
ipk,10
yqeF,10
mazG,10
STM0356,10
STM4260,10
STM1543,10
glpB,10
hpt,10
glpA,10
pagP,10
pipC,10
STM2690,10
ybiK,10
serC,10
yeaM,10
STM1130,10
gcvT,10
ygcA,10
htgA,10
malE,10
cysA,10
STM2377,10
rpsA,10
era,10
sseA,10
yidF,10
ilvA,10
ygaP,10
emrD,10
glgA,10
cydA,10
galP,10
hemD,9
flgI,9
guaB,9
STM0345,9
speE,9
sfcA,9
yegQ,9
yheO,9
ycfW,9
yjjQ,9
STM0033,9
ycaD,9
STM0613,9
stjC,9
ybdG,9
ycfX,9
phnU,9
sapA,9
cobS,9
STM3128,9
yhbZ,9
STM4272,9
pdxA,9
yedJ,9
livH,9
sgaU,9
hilC,9
yfhC,9
yjfC,9
ansP,9
murG,9
rffG,9
yedA,9
STM0952,9
safB,9
cpxA,9
STM2668,9
dcuB,9
ymbA,9
caiB,9
usg,9
ydgQ,9
ugpQ,9
yhjV,9
scsC,9
STM4466,9
STM3075,9
nhaA,9
STM4267,9
eutR,9
gltL,9
yhcQ,9
yqcB,9
menF,9
hpaI,9
sdaC,9
entB,9
ptsG,9
ybcI,9
yijC,9
ompN,9
cutC,9
dacB,9
fimC,9
yejE,9
gudD,9
ydiN,9
gor,9
yihP,9
STM3260,9
STM1188,9
galE,9
ybeX,9
STM4310,9
mraY,9
slyD,9
dsdC,9
hycG,9
STM1547,9
udg,9
araE,9
ansB,9
ltaA,9
yfdC,9
rhlE,9
STM2198,9
yadH,9
hemE,9
STM3631,9
lpfB,9
menB,9
yafS,9
purA,9
uhpT,9
murC,9
ypfG,9
ydiF,9
gltK,9
rfaP,9
mtr,9
rfbC,9
bcr,9
STM0691,9
yceL,9
STM3022,9
yqjG,9
ycbC,9
caiC,9
oat,9
iroB,9
bioA,9
yiaH,9
hemB,9
yciR,9
STM0267,9
prpA,9
nxiA,9
Gene_gene240,9
STM0282,9
pfkB,9
gloB,9
acpT,9
bioC,9
cbiJ,9
proS,9
lpxK,9
STM2180,9
leuB,9
pduK,9
STM4309,9
hemN,9
agp,9
STM1561,9
torT,9
STM4217,9
cysQ,9
STM3012,9
wcaA,9
sipC,9
ydeD,9
ynaI,9
sbp,9
ydgJ,9
yieM,9
yliA,9
glxK,9
ybeF,9
STM3863,9
STM2126,9
btuD,9
gph,9
STM3791,9
yeaD,9
wza,9
STM3169,9
STM2986,9
otsB,9
pldB,9
yebS,9
yedP,9
oppB,9
mdh,9
bcfF,9
asrC,9
yeiR,9
yidZ,9
rfaZ,9
ompC,9
pckA,9
phoU,9
STM0360,9
STM1575,9
STM3085,9
cbiE,9
ribD,9
gshB,9
STM3356,9
nifS,9
STM2177,9
STM3697,9
galM,9
gdhA,9
smf,9
STM2342,9
dpiA,9
hemC,9
mukF,9
STM1123,9
ybeS,9
yigW,9
ybgF,9
dadX,9
gldA,9
STM2314,9
yddE,9
STM1791,9
rfbP,9
STM2714,9
sifA,9
fpr,9
tyrS,9
sodA,9
ycaL,9
yebB,9
STM2789,8
ushB,8
ydeE,8
sseF,8
leuA,8
STM1328,8
yjbB,8
ackA,8
yebK,8
pheS,8
STM2225,8
pflE,8
yhbV,8
fimW,8
sitB,8
ychE,8
serS,8
citG,8
STM2274,8
STM4097,8
STM0341,8
yaeC,8
STM4306,8
ybiS,8
yacF,8
phnS,8
mtgA,8
wraB,8
STM1616,8
holA,8
rnhB,8
argG,8
tdcA,8
nadR,8
ldhA,8
ytfG,8
ydeY,8
ygjU,8
idnT,8
ssaJ,8
pepP,8
cobB,8
rfbB,8
sufC,8
STM2719,8
treR,8
recN,8
fliO,8
galK,8
fadA,8
pduT,8
hopD,8
STM4435,8
ygbI,8
yhjY,8
STM3125,8
STM1539,8
ynfI,8
Gene_gene3530,8
exbB,8
alkB,8
STM4443,8
yadS,8
nhaB,8
ybdM,8
cadA,8
nanA,8
ynfC,8
potE,8
STM3073,8
yieH,8
tesB,8
STM0361,8
aroB,8
yifK,8
ssaU,8
STM4510,8
yfhH,8
ampE,8
yafD,8
hisA,8
yecD,8
yigA,8
yfaX,8
STM2179,8
rnt,8
STM1615,8
STM3134,8
yggV,8
mukE,8
ytfE,8
yrfA,8
rbsK,8
yeaH,8
ssaT,8
nrdB,8
STM2340,8
pal,8
STM3261,8
manA,8
amiA,8
eutQ,8
ylbE,8
gip,8
ynfK,8
STM1624,8
nupG,8
accC,8
STM2281,8
yaiU,8
argT,8
purK,8
rbn,8
hemF,8
murA,8
mrsA,8
gpmA,8
STM1555,8
tctD,8
STM3072,8
yieO,8
STM3350,8
yegW,8
purM,8
galS,8
yjbN,8
idnK,8
pduS,8
kdpE,8
STM4201,8
yihR,8
STM1128,8
gntT,8
ygiY,8
udp,8
STM1586,8
yicC,8
ubiG,8
STM3126,8
tehB,8
nanT,8
lpfE,8
ycjI,8
trpB,8
STM3785,8
btuB,8
wcaH,8
vsr,8
yccT,8
ugpB,8
STM4259,8
kdgT,8
STM0770,8
yigM,8
STM1259,8
STM3138,8
yjfH,8
STM1911,8
citE,8
fhuF,8
rluA,8
narW,8
yiiP,8
STM4421,8
ygjR,8
phoB,8
thrS,8
STM2446,8
STM4052,8
yhhT,8
potB,8
STM1676,8
STM3127,8
caiT,8
yicL,8
ygdL,8
STM0029,8
torD,8
ybaY,8
pqiA,8
citX,8
sfbA,8
mobA,8
pphB,8
btuC,8
aroG,8
STM0286,8
yfcH,8
acrE,8
yaiV,8
ribE,8
hemX,8
nhaR,8
yafA,8
mglB,8
STM1871,8
eno,8
STM0520,8
flgJ,8
yfiN,8
STM0020,8
lysC,8
STM4447,8
dnaA,8
yciM,8
thiD,8
STM2007,8
asrA,8
caiD,8
cysW,8
ynfL,8
yifB,8
dnaN,8
pstA,8
STM1607,8
STM3354,8
STM0271,8
STM0268,8
STM2358,8
rbsB,8
wecF,8
STM1635,7
STM3769,7
yfeK,7
STM4205,7
modA,7
dnaG,7
yjfR,7
fimI,7
STM0269,7
spoU,7
ybiN,7
baeR,7
STM3021,7
ydgM,7
ompS,7
STM2720,7
fdhD,7
STM1257,7
fimA,7
pduH,7
maa,7
ycdW,7
STM2701,7
yjgK,7
ybbO,7
STM0296,7
yafC,7
yfiK,7
yeeN,7
fliE,7
wcaD,7
yggB,7
prpB,7
yrbG,7
hutC,7
ycfD,7
aroF,7
STM0509,7
ribA,7
STM3981,7
yohK,7
pitA,7
yaeE,7
STM2186,7
yhhX,7
STM4218,7
talC,7
cytR,7
aat,7
phnT,7
yjjU,7
STM0458,7
yfcB,7
bioD,7
ybaX,7
STM3598,7
ygfZ,7
STM1491,7
rimL,7
potD,7
yijO,7
STM0809,7
trpH,7
yciK,7
rthB,7
ychK,7
fliZ,7
STM0035,7
yjgQ,7
yhbL,7
purE,7
fabI,7
gutQ,7
STM1643,7
nagA,7
nfi,7
STM2134,7
yceH,7
yehV,7
STM4253,7
STM2178,7
wzzE,7
STM3657,7
STM4270,7
yeiE,7
hisF,7
ycfH,7
oppC,7
ybjR,7
spy,7
STM4425,7
cysZ,7
map,7
STM1552,7
priC,7
phoL,7
tig,7
pyrB,7
yohC,7
gltI,7
pgpB,7
deoR,7
pduM,7
wcaK,7
mglC,7
ygiE,7
dnaC,7
fucO,7
hycF,7
icc,7
napG,7
ompF,7
yrdD,7
ycaP,7
ung,7
creB,7
exoX,7
sucB,7
spaO,7
icdA,7
STM0081,7
oppF,7
rbsR,7
STM0354,7
yhcC,7
STM0280,7
STM4509,7
Gene_gene3810,7
yiiG,7
csdA,7
nuoH,7
rlpA,7
purR,7
stbE,7
STM2711,7
hybE,7
psiF,7
STM2706,7
STM0331,7
talB,7
STM4207,7
STM3580,7
yhgN,7
ftsW,7
rhtC,7
STM3601,7
folC,7
STM4427,7
mutH,7
ffh,7
glxR,7
yajI,7
STM0163,7
STM1540,7
STM2529,7
ycfM,7
purH,7
msrA,7
STM2697,7
STM0951,7
solA,7
panF,7
manZ,7
STM2434,7
basS,7
STM2902,7
ogt,7
ygcF,7
yeaZ,7
ybhK,7
sapF,7
ybhA,7
ytfF,7
STM4505,7
ompR,7
STM1793,7
STM2868,7
yfiC,7
ybgH,7
rfaY,7
STM1668,7
corE,7
wecB,7
ybbS,7
btuR,7
STM1276,7
pdxY,7
STM2341,7
rihC,7
prsA,7
STM2245,7
osmE,7
yrbH,7
yqhC,7
yidC,7
STM3194,7
STM2718,7
STM4412,7
speD,7
STM0572,7
dapA,7
STM4200,7
yegD,7
STM0989,7
fabA,7
ddlB,7
yqgA,7
ynhA,7
yecE,7
STM3082,7
STM0551,7
yciO,7
STM4317,7
nadC,7
ybiH,7
yihG,7
ego,7
STM1490,7
yliI,7
apaH,7
ybdB,7
ybbK,7
hypE,7
lolB,7
sthD,7
STM1994,7
yfhA,7
hslJ,7
STM4595,7
bglJ,7
yjeJ,7
ygbJ,7
STM3071,7
STM4467,7
STM3080,7
proA,7
fliG,7
STM3152,7
flgL,7
cfa,7
ycgR,7
yfeJ,7
ybjY,7
yegU,7
tdcB,7
rarD,7
ansA,7
wzb,7
flgE,7
fklB,7
fliP,6
ycfS,6
STM3770,6
yfaW,6
dxr,6
recO,6
STM1081,6
STM1636,6
uspA,6
tolA,6
yrbE,6
STM1667,6
xthA,6
fixA,6
fabF,6
stiA,6
ybjG,6
yihW,6
Gene_gene2131,6
hybD,6
STM1877,6
hisI,6
sgaB,6
pncA,6
yegV,6
wecD,6
ptxA,6
ydiY,6
STM0212,6
pipA,6
ispA,6
STM4424,6
flhE,6
yfhG,6
yfcF,6
garR,6
kdsB,6
STM2901,6
trmD,6
pstB,6
hpaA,6
yihO,6
ydjN,6
nlpB,6
yaiZ,6
STM3602,6
araH,6
eutM,6
STM4433,6
yghB,6
dcuR,6
STM3508,6
yhiQ,6
rfe,6
yqiE,6
nagB,6
STM0497,6
STM2804,6
surE,6
yhbJ,6
ygdK,6
hin,6
dctA,6
hnr,6
STM1674,6
STM4457,6
dacA,6
accA,6
iclR,6
STM2447,6
STM4198,6
folD,6
potF,6
STM4197,6
flhB,6
livF,6
STM1492,6
yfdH,6
ppiC,6
ybbM,6
hisS,6
btuF,6
yhfG,6
STM2905,6
yiaD,6
cbiG,6
smp,6
nhoA,6
yigP,6
yhiR,6
zntR,6
mdoG,6
ylbF,6
fimF,6
yjdB,6
stfG,6
STM2006,6
ydiB,6
pepE,6
menA,6
STM0031,6
yfeL,6
ydjM,6
miaE,6
STM2707,6
STM0576,6
phoH,6
STM2156A,6
STM2710,6
srlE,6
yfaO,6
STM0082,6
ybeQ,6
mog,6
STM1941,6
fixX,6
bfr,6
uhpA,6
xylA,6
yrbC,6
yfhP,6
sodB,6
pgk,6
slp,6
STM1632,6
STM1485,6
fruF,6
yhcH,6
yohJ,6
yncA,6
kdsA,6
STM2764,6
yfcN,6
ydgR,6
STM0818,6
napF,6
STM1494,6
STM3198,6
STM4053,6
psd,6
dapD,6
stbA,6
citD2,6
STM1618,6
bcsC,6
narL,6
ruvB,6
yaeD,6
yhdJ,6
STM3778,6
nrdI,6
ybeJ,6
STM0810,6
stdA,6
ydfH,6
yqiA,6
STM2345,6
STM1856,6
gntK,6
cydB,6
osmY,6
yjeA,6
rfaD,6
yneJ,6
STM0574,6
nanE,6
manX,6
STM0335,6
ruvA,6
pgpA,6
yobA,6
hisQ,6
grpE,6
nfnB,6
ybbB,6
allC,6
allD,6
ygdQ,6
yhcS,6
yrdB,6
eutD,6
yecM,6
yifA,6
mreB,6
aspC,6
tus,6
adiY,6
oppD,6
yggU,6
STM3550,6
yehW,6
dmsC,6
sfsA,6
fucU,6
pabC,6
yjeQ,6
mutT,6
sitD,6
STM0769,6
yfjD,6
STM0201,6
yadR,6
STM3792,6
ybeM,6
ruvC,6
ybgJ,6
STM2713,6
ycfV,6
flgG,6
hflC,6
ydiQ,6
deoC,6
pduV,6
STM1132,6
sdhB,6
msbB,6
STM1653,6
yjaG,6
STM3154,6
yheM,6
cysM,6
yqcC,6
yhgI,6
yfeR,6
STM3411,6
glgC,6
STM1606,6
yqjI,6
ydhF,6
cboQ,6
suhB,6
thiF,6
yecH,6
STM2715,6
tmk,6
oxyR,6
zur,6
spaR,6
yhjQ,6
trpS,6
mutM,6
mreC,6
cbiT,6
STM0017,6
gcvA,6
STM1266,6
kdtB,6
stbB,6
yggS,6
yeaB,6
STM2486,6
STM1097,6
Gene_gene2002,6
ydaO,6
ydjA,6
STM4538,5
fbp,5
pdhR,5
yffH,5
argI,5
pyrG,5
STM4432,5
mepA,5
hcaT,5
ybiR,5
ydgP,5
yrbD,5
yiaB,5
pth,5
STM3940,5
yeaA,5
damX,5
degS,5
hisJ,5
STM4428,5
stfE,5
yrdC,5
STM2955,5
STM4307,5
STM4066,5
dnaJ,5
marT,5
yebE,5
nfo,5
kdgK,5
rstA,5
ybbJ,5
atpD,5
aroD,5
STM2376,5
wcaF,5
wcaB,5
fidL,5
yecO,5
STM3084,5
plsC,5
csgD,5
pspA,5
umuD,5
pncB,5
STM2950,5
dcd,5
argC,5
STM0565,5
lipA,5
eutJ,5
STM0273,5
ygaE,5
pdxJ,5
hisM,5
hydN,5
gltA,5
STM2812,5
yeaO,5
STM0099,5
pnuC,5
STM2870,5
mdaA,5
yfbQ,5
bcfA,5
STM1857,5
STM2705,5
cysH,5
STM1530,5
ybgL,5
rhaD,5
cyoE,5
trxC,5
STM2908,5
yncC,5
ybfF,5
STM3777,5
ispD,5
ais,5
yhbS,5
yjfJ,5
STM4596,5
STM0402,5
fnr,5
hypB,5
ycjE,5
STM3549,5
prpC,5
STM4033,5
yihU,5
lppB,5
ynaF,5
yfcG,5
STM0771,5
sanA,5
STM1664,5
napH,5
STM1619,5
modB,5
yqhA,5
celF,5
cobC,5
STM3262,5
ycdC,5
STM0436A,5
yecG,5
STM0275,5
zipA,5
yaeB,5
STM1649,5
avrA,5
gudT,5
STM3678,5
yecC,5
yihZ,5
sprT,5
ftsE,5
orgA,5
STM2959,5
phnO,5
ygaD,5
STM2786,5
STM1671,5
STM2702,5
STM4551,5
sseD,5
STM0100,5
rhlB,5
selD,5
yabC,5
STM1269,5
STM2273,5
srlA,5
ydgE,5
yohD,5
invE,5
STM4015,5
fdhE,5
ybjN,5
ygiK,5
STM0930,5
yshA,5
STM0328,5
fusA,5
yeeZ,5
STM1496,5
cmk,5
csiE,5
artI,5
ntpA,5
tehA,5
STM4102,5
xerC,5
yggJ,5
yggE,5
ubiB,5
basR,5
yhbU,5
ompA,5
yijD,5
yrfC,5
hpaR,5
ymdC,5
ftn,5
yjiE,5
ssaM,5
STM4039,5
sspB,5
yaeQ,5
yhhM,5
crcB,5
STM0764,5
STM4042,5
potA,5
STM0295,5
STM4436,5
yciA,5
STM0052,5
STM3081,5
ymfB,5
yraP,5
trmA,5
ygiM,5
cbiH,5
rbsD,5
STM4540,5
apt,5
slsA,5
ubiA,5
ydgO,5
yedF,5
STM0692,5
mug,5
yghA,5
ugpA,5
ucpA,5
fruK,5
STM1133,5
dapF,5
yecA,5
recF,5
yciC,5
dnaQ,5
ylbA,5
hpaH,5
recR,5
creA,5
ssaK,5
gpmB,5
ssaI,5
fabH,5
sdiA,5
yjbD,5
yliD,5
sseE,5
STM2138,5
ftsY,5
yciL,5
rimK,5
argB,5
yajG,5
fdnI,5
tas,5
fabD,5
STM4212,5
STM3941,5
ygiH,5
STM0869,5
STM0332,5
STM2655,5
modC,5
ygbA,5
STM2906,5
rimI,5
mrdB,5
greA,5
rcsB,5
exo,5
dsbB,5
truA,5
STM1790,5
yhjD,5
orf319,5
lpxC,5
pcm,5
yfjF,5
yhhA,5
STM4155,5
yidQ,5
glpG,5
STM2963,5
STM1627,5
yjjX,5
STM4418,5
yhjH,5
yjfK,5
csgA,5
STM0651,5
minD,5
yaeL,5
sapC,5
STM4042A,5
STM3780,5
gapA,5
dapB,5
yeeI,5
cysD,5
lipB,5
pmgI,5
STM2880,5
srfJ,5
yieF,5
secF,5
yjeI,5
STM1484,5
argE,4
citG2,4
STM2343,4
STM1967,4
ycgM,4
lldR,4
fmt,4
STM1410,4
acpD,4
yfgE,4
yneG,4
yidH,4
lgt,4
motA,4
STM3650,4
ndh,4
STM3362,4
ycdX,4
STM0562,4
pdxB,4
yeaS,4
cheR,4
pduJ,4
rfaJ,4
STM1528,4
dppB,4
yieE,4
dnaT,4
cbiD,4
yciU,4
STM2288,4
yigN,4
invH,4
STM2287,4
ygeD,4
ychH,4
yafK,4
STM0155,4
ompX,4
glnQ,4
ubiX,4
STM4441,4
rseC,4
STM1541,4
slyB,4
STM0538,4
STM3130,4
rplA,4
ytfJ,4
bacA,4
STM1329,4
manY,4
STM2332,4
ybaZ,4
narJ,4
narP,4
idnO,4
purU,4
yhbO,4
STM2903,4
pocR,4
iacP,4
aroM,4
galU,4
STM3357,4
dam,4
msyB,4
rnc,4
yebC,4
ydhB,4
yiaO,4
melR,4
rpiA,4
STM4351,4
syd,4
STM3343,4
ssaH,4
amiC,4
ydeW,4
bcfB,4
fljA,4
bcfE,4
yghU,4
yehZ,4
orn,4
yadF,4
purN,4
sinR,4
yneB,4
ydcN,4
yhhL,4
pduQ,4
znuC,4
yciI,4
STM1537,4
moaD,4
yjjG,4
STM3131,4
folP,4
rmbA,4
STM2197,4
yaiE,4
hilD,4
STM0950,4
cpxR,4
yehT,4
znuA,4
yciF,4
yqhE,4
STM2452,4
moaE,4
argR,4
ytfH,4
yjfY,4
yrbF,4
Gene_gene1662,4
ybjM,4
STM2680,4
STM3156,4
apaG,4
yacA,4
yiaL,4
phnR,4
dinI,4
yejH,4
yfbU,4
celG,4
pfkA,4
yjgD,4
frdB,4
tsx,4
STM1531,4
yjfP,4
ygiX,4
frdD,4
emrA,4
ygiC,4
STM4419,4
dsbC,4
STM3257,4
yhcN,4
plsX,4
blc,4
holC,4
truB,4
cbpA,4
thyA,4
pabA,4
hycH,4
fabZ,4
STM1493,4
lspA,4
nikR,4
STM4302,4
ybjP,4
yhjB,4
STM1366,4
ydiK,4
apbA,4
invF,4
STM4518,4
torC,4
stiB,4
yceF,4
lpxD,4
STM4080,4
ydeZ,4
pgtC,4
mtlR,4
proV,4
ompW,4
STM2400,4
STM0835,4
glk,4
ydiA,4
ybdO,4
STM0347,4
yjeO,4
STM2736,4
yijF,4
artJ,4
sodC,4
potG,4
cheB,4
rhaS,4
nrdG,4
gidB,4
cdsA,4
ecnR,4
srlD,4
focA,4
artP,4
pflA,4
cbiM,4
hypO,4
STM3600,4
yggH,4
yhhN,4
aroL,4
rffH,4
prmA,4
sgbU,4
prgI,4
chaA,4
mdaB,4
yihV,4
malM,4
lysS,4
asd,4
ygiN,4
yrbI,4
STM3980,4
yffB,4
STM4032,4
ybhL,4
yfgJ,4
STM3796A,4
ybaO,4
yebF,4
lexA,4
STM1147,4
yaaH,4
holD,4
yqjA,4
flgH,4
ydeJ,4
hflK,4
yeiG,4
emtA,4
fdnH,4
Gene_gene3948,4
STM4490,4
ybgI,4
STM2375,4
fadR,4
STM0284,4
glpR,4
fliT,4
hscB,4
smtA,4
yjaH,4
dps,4
allR,4
ftsA,4
aarF,4
lolA,4
ftsZ,4
flgA,4
eutS,4
ydaL,4
ygbL,4
csgG,4
STM3772,4
cbiK,4
holB,4
yfiP,4
ychA,4
STM1253,4
STM2344,4
yjdC,4
celD,4
ychN,4
ybfN,4
mobB,4
ybhP,4
pduE,4
sfbC,4
STM2904,4
STM4422,4
citX2,4
STM1250,4
yceB,4
STM4057,4
ybeL,4
STM2426,4
STM1747,4
yqfA,4
yohM,4
uvrY,4
metK,4
yicN,4
sspH2,3
ygjP,3
yiaG,3
yafV,3
mioC,3
artQ,3
sgbH,3
yjgG,3
cyoC,3
yjgF,3
hybF,3
yfgD,3
STM3651,3
yacE,3
STM2176,3
purC,3
yneC,3
yrbB,3
hpaC,3
ispF,3
yfgM,3
uppS,3
grxB,3
STM4051,3
yhcB,3
yliG,3
bolA,3
cyoA,3
STM4209,3
yrfG,3
metA,3
ytfK,3
STM1459,3
ygdR,3
hisH,3
yccK,3
phoP,3
sbmC,3
sicA,3
yheN,3
STM1127,3
STM1263,3
ybhB,3
yabI,3
yfhL,3
ydcZ,3
STM1629,3
rtT,3
yncJ,3
ydhL,3
STM1650,3
pyrE,3
pyrI,3
ssaO,3
STM2787,3
hisP,3
STM0290,3
speG,3
ydiV,3
yciE,3
ysaA,3
STM2729,3
ybcJ,3
hycA,3
hybA,3
rsuA,3
yjeK,3
STM0699,3
STM4423,3
STM3378,3
yjcO,3
murI,3
STM2575,3
STM4545,3
ecnA,3
phnV,3
STM0539,3
ycfP,3
kdpC,3
yiiM,3
lpfA,3
soxR,3
STM4575,3
yeiP,3
invB,3
ycbG,3
coaA,3
yoaB,3
yfhB,3
ribF,3
yhdH,3
STM1513,3
yibL,3
yqiC,3
yhaL,3
yaaI,3
phnB,3
STM3783,3
STM4549,3
STM3782,3
yeeF,3
yieP,3
ymfC,3
sicP,3
dut,3
STM0342,3
eda,3
crl,3
tatC,3
STM1535,3
Gene_gene559,3
STM4390,3
fldA,3
prgK,3
STM4537,3
yeaK,3
STM1933,3
nlpD,3
caiF,3
STM0156,3
yggN,3
arcA,3
STM3533,3
yafJ,3
yqjE,3
leuO,3
ssaE,3
yqjF,3
fliA,3
yibR,3
STM2737,3
pduN,3
trpR,3
hycB,3
hybB,3
STM4316,3
STM2373,3
fxsA,3
yfbT,3
STM4215,3
ynfA,3
STM4195,3
STM1301,3
recA,3
STM4071,3
STM2336,3
yhhW,3
yiaF,3
ytfB,3
Gene_gene3520,3
STM3944,3
cysE,3
STM3793,3
uup,3
STM1839,3
yeaR,3
STM1536,3
envR,3
fliM,3
STM4070,3
ydiE,3
yjfQ,3
ydiZ,3
invI,3
STM0580,3
yhfA,3
yqgF,3
yhhQ,3
STM2921,3
STM0649,3
sirC,3
ybdF,3
potC,3
STM0083,3
ssb,3
yqaB,3
napC,3
cadB,3
STM0015,3
fucR,3
STM2346,3
ydgH,3
Gene_gene3655,3
STM4203,3
ygaC,3
STM4314,3
rpe,3
ilvN,3
ygiW,3
STM3774,3
STM1093,3
yebR,3
minC,3
rcsA,3
ybhQ,3
yfiO,3
rbfA,3
glpQ,3
dsbA,3
STM1573,3
ydhM,3
asnC,3
yheL,3
STM0098,3
aphA,3
slyA,3
yaiI,3
ilvY,3
fliN,3
STM1673,3
zraP,3
ppdC,3
glnB,3
lpxA,3
yaaY,3
yiaM,3
STM2195,3
ymgE,3
yhjS,3
sgaH,3
STM3688,3
STM1733,3
ycdZ,3
ydiL,3
STM4186,3
moaC,3
prfA,3
glpF,3
STM2303,3
nuoJ,3
yneA,3
znuB,3
yjfL,3
invC,3
dniR,3
motB,3
ghmA,3
STM1741,3
sitC,3
sugE,3
yehS,3
hflX,3
envE,3
yajB,3
cheZ,3
ycbL,3
STM3377,3
nifU,3
sspA,3
yciT,3
yhbP,3
ydeI,3
STM3784,3
yhaJ,3
yqjC,3
yggT,3
STM4219,3
yhhF,3
scsD,3
yccA,3
STM0277,3
ydiR,3
sseJ,3
yhjR,3
rhaR,3
yigZ,3
yacG,3
STM3605,3
yfiR,3
cobU,2
STM3779,2
ftsL,2
cigR,2
STM0346,2
yeeX,2
yihA,2
yfeN,2
yjaB,2
STM4191,2
rpoH,2
STM0355,2
STM1281,2
STM4597,2
celA,2
seqA,2
phnA,2
STM1934,2
STM2923,2
STM0287,2
tolQ,2
yacL,2
stiH,2
Gene_gene1549,2
STM1129,2
yaeJ,2
STM2800,2
slrB,2
tsf,2
STM3031,2
cspA,2
STM2797,2
ycgN,2
pspC,2
yheR,2
nrfG,2
atpB,2
acrR,2
yfeD,2
ybaD,2
STM0581,2
ubiC,2
STM3167,2
STM0731,2
ibpA,2
STM2005,2
thrB,2
ycbW,2
ampD,2
STM4536,2
STM3193,2
yecS,2
yjjA,2
ppiB,2
ribH,2
ybaN,2
yqgD,2
eutP,2
STM1698A,2
flgD,2
greB,2
ccmA,2
metJ,2
STM1809,2
ppiA,2
pyrD,2
STM0554,2
STM1562,2
ttrR,2
atpF,2
gcvH,2
rdgC,2
STM0034,2
STM1550,2
STM0612,2
yodD,2
marC,2
elaB,2
STM1236,2
STM4430,2
fldB,2
yaaA,2
STM0016,2
STM0274A,2
rplI,2
STM2011,2
yjcH,2
ptsO,2
ppdA,2
ycfQ,2
fliL,2
STM3033,2
nuoB,2
ycfN,2
rplF,2
STM3461,2
yjfI,2
yfcE,2
STM4199,2
yacC,2
ybbA,2
rplD,2
entC,2
sscB,2
ttk,2
ybiF,2
gmk,2
cbiL,2
cof,2
STM2695,2
STM1078,2
nadD,2
ybdQ,2
acpS,2
frdC,2
pduU,2
STM1851,2
stfA,2
modE,2
ybbL,2
yjbE,2
STM4206,2
STM4156,2
fimZ,2
STM1261,2
STM0327,2
cspB,2
nuoI,2
yfcM,2
rnhA,2
STM1939,2
ksgA,2
STM3259,2
ssaR,2
folA,2
rpsG,2
yihX,2
folB,2
fliQ,2
STM4417,2
rpoE,2
STM0761,2
dcoB,2
STM3911,2
tpx,2
STM2920,2
STM1551,2
argU,2
ydcX,2
ycdY,2
ygaM,2
ydiH,2
dedA,2
nuoE,2
fdoI,2
yhbQ,2
tatB,2
scsA,2
yniB,2
STM2712,2
STM4463,2
ligT,2
STM0333,2
gpsA,2
STM4252,2
osmC,2
STM3030,2
ybbV,2
ychJ,2
rpmE2,2
lrhA,2
gcvR,2
allA,2
yhbN,2
Gene_gene1244,2
STM2010,2
fliC,2
STM4196,2
STM2699,2
yhdT,2
grxA,2
hns,2
rof,2
glgS,2
ynfD,2
csgB,2
ahpC,2
STM0276,2
phsB,2
STM1872,2
STM2716,2
STM0885,2
ybjO,2
djlA,2
yccX,2
ycfJ,2
ynfB,2
ybdD,2
ygdD,2
sthA,2
miaA,2
STM3794,2
ybfA,2
STM0330,2
mscL,2
yaeR,2
uxuR,2
STM3155,2
STM4068,2
exbD,2
yibK,2
STM3170,2
yigL,2
yhgG,2
STM1628,2
STM4535,2
elaA,2
STM0672,2
yebG,2
ydiO,2
rimM,2
yljA,2
yhbG,2
pspD,2
STM0575,2
STM0762,2
yfaV,2
leuD,2
STM3771,2
ybdZ,2
ubiE,2
marB,2
ynbE,2
STM2449,2
hpaF,2
kdtA,2
ybeA,2
ygbQ,2
yajQ,2
STM2289,2
STM2148,2
STM1858,2
pyrH,2
STM3052,2
spr,2
yciS,2
STM2275,2
yjbQ,2
yccV,2
cibB,2
nrfB,2
hypC,2
ynaJ,2
yceD,2
gst,2
yaeH,2
STM4030,2
yohL,2
STM3355,2
ybaP,2
yjgM,2
yfeZ,2
panD,2
yhbT,2
glpE,2
Gene_gene2210,2
STM0763,2
cdd,2
yfiM,2
STM2717,2
yeaL,2
yiiR,2
rfbF,2
STM2700,2
yjeE,2
yaiY,2
STM1656,2
yjgA,2
cbiC,2
flgN,2
fucA,2
flgC,2
ygiB,2
STM1529,2
ygfX,2
ycfC,2
yfiH,2
yceK,2
yciH,2
idi,2
nlp,2
pduL,2
glnH,2
rpoS,2
nusG,2
marR,2
ybaW,2
STM0561,2
stfF,2
pgsA,2
STM1794,2
pldA,2
STM1110,2
yeiU,2
dedD,2
radC,2
rob,2
btuE,2
STM1300,2
fliR,2
yfcA,2
Gene_gene2665,2
yabF,2
ppdD,2
holE,1
STM1841,1
yhcR,1
yadI,1
gloA,1
yciG,1
yjcB,1
STM4442,1
cedA,1
upp,1
cutA,1
nuoK,1
slyX,1
yjfO,1
atpC,1
yheV,1
STM1988,1
yggA,1
STM3942,1
crp,1
STM1268,1
STM4031,1
STM1534,1
ybaJ,1
garL,1
STM2504,1
ndk,1
rpsS,1
grxC,1
yahN,1
tufB,1
STM1833,1
yggX,1
STM4429,1
hfq,1
yqjB,1
flgB,1
rpsI,1
moaB,1
yfaE,1
STM2730,1
rpmD,1
spaP,1
ypeC,1
STM4214,1
yhdN,1
cpxP,1
yhbC,1
yobG,1
hybG,1
ilvH,1
ycfF,1
STM3258,1
rpoA,1
luxS,1
tesA,1
rlpB,1
secY,1
STM4501,1
STM0410,1
STM1267,1
yqaA,1
prgJ,1
ssaP,1
STM2475,1
fljB,1
ytgA,1
yhdG,1
ygfB,1
yrbA,1
STM1810,1
STM1001,1
folE,1
rpmA,1
priB,1
cspE,1
micF,1
cheW,1
Gene_gene1241,1
yhhK,1
spaS,1
ccmH,1
mreD,1
rcsF,1
STM1249,1
ybgS,1
STM0056,1
ydhD,1
ycgL,1
tolR,1
yidG,1
yhcO,1
STM2329,1
ybgE,1
ybeB,1
STM4008,1
STM2302,1
rimJ,1
STM2566,1
rplM,1
oraA,1
STM1585,1
STM4440,1
yjfN,1
b2145,1
rpoZ,1
ydgT,1
crr,1
slpA,1
ydfG,1
STM0577,1
dgkA,1
secG,1
ygfY,1
soxS,1
rpsB,1
erfK,1
atpH,1
fabG,1
Gene_gene3302,1
adk,1
ygaU,1
ylaC,1
yrfH,1
STM0334,1
yigF,1
rpsC,1
ybiJ,1
proQ,1
yiiU,1
yggL,1
STM2709,1
cyoD,1
STM3079,1
bfd,1
yaiA,1
rnpA,1
yqiB,1
cueR,1
STM1251,1
ydgC,1
rpsV,1
ydcY,1
STM2666,1
mopB,1
STM3652,1
STM3192,1
yebW,1
STM0305,1
ymdA,1
sdhD,1
yhbY,1
yjbA,1
yccF,1
pspE,1
yceI,1
Gene_gene1182,1
STM1808,1
emrR,1
safD,1
napD,1
yeaC,1
STM4520,1
rplJ,1
STM1549,1
STM0279,1
ycfL,1
STM1638,1
sulA,1
glnL,1
flhD,1
pagD,1
STM0349,1
yfeC,1
cybC,1
mipA,1
STM1948,1
yhbH,1
yjiS,1
ybiV(1),1
ssaS,1
ssaB,1
ybfE,1
bcp,1
rplB,1
STM0288,1
yraO,1
hslV,1
pduA,1
STM1131,1
STM0409,1
rfbG,1
citD,1
STM4192,1
pduF,1
flgM,1
dksA,1
Gene_gene325,1
STM2765,1
yjbR,1
rrlG,1
ilvL,1
yfaZ,1
ybeC,1
yhdV,1
STM1613,1
STM4420,1
ybeY,1
celC,1
ydgF,1
rpmG,1
yfiD,1
STM2374,1
ftnB,1
rseA,1
yqfB,1
csgF,1
STM1829,1
yiiQ,1
rplC,1
frr,1
speB,1
STM0278,1
STM0283,1
STM0348,1
ydgK,1
STM4069,1
yjiG,1
vacJ,1
yccJ,1
ppa,1
bax,1
ssaG,1
ibpB,1
ybeU,1
STM4478,1
nuoA,1
yciB,1
secB,1
sufA,1
ydbL,1
ybdJ,1
STM0727,1
ydfZ,1
yigG,1
chaB,1
STM0080,1
STM0362,1
napB,1
smpB,1
yecN,1
queA,1
STM3358,1
yqgB,1
STM1999,1
eco,1
yqgE,1
fliS,1
